,Date,Open,High,Low,Close,Volume
0,2019-01-02,20.406668,21.008667,19.92,20.674667,174879000
1,2019-01-03,20.466667,20.626667,19.825333,20.024,104478000
2,2019-01-04,20.4,21.200001,20.181999,21.179333,110911500
3,2019-01-07,21.448,22.449333,21.183332,22.330667,113268000
4,2019-01-08,22.797333,22.934,21.801332,22.356667,105127500
5,2019-01-09,22.366667,22.9,22.098,22.568666,81493500
6,2019-01-10,22.293333,23.025999,22.119333,22.997999,90846000
7,2019-01-11,22.806,23.227333,22.584667,23.150667,75586500
8,2019-01-14,22.825333,22.833332,22.266666,22.293333,78709500
9,2019-01-15,22.333332,23.253332,22.299999,22.962,90849000
10,2019-01-16,22.985332,23.466667,22.9,23.07,70375500
11,2019-01-17,23.080667,23.433332,22.943333,23.153999,55150500
13,2019-01-22,20.321333,20.533333,19.700001,19.927999,181000500
14,2019-01-23,19.5,19.633333,18.779333,19.172667,187950000
15,2019-01-24,18.868668,19.578667,18.618668,19.434,120183000
16,2019-01-25,19.625999,19.901333,19.303333,19.802668,108744000
17,2019-01-28,19.527332,19.830667,19.183332,19.758667,96349500
18,2019-01-29,19.684668,19.903999,19.453333,19.830667,69325500
19,2019-01-30,20.030001,20.6,19.899332,20.584667,168754500
20,2019-01-31,20.066668,20.770666,19.6,20.468,188538000
21,2019-02-01,20.361334,21.073334,20.233334,20.813999,109251000
22,2019-02-04,20.865334,21.02,20.125334,20.859333,110281500
23,2019-02-05,20.832666,21.496,20.816668,21.423332,101142000
24,2019-02-06,21.306,21.615999,21.041332,21.148001,75577500
25,2019-02-07,20.886667,20.98,20.200001,20.500668,97809000
26,2019-02-08,20.455334,20.496668,19.9,20.386667,87663000
27,2019-02-11,20.773333,21.24,20.700001,20.856001,106945500
28,2019-02-12,21.08,21.212667,20.641333,20.787333,82764000
29,2019-02-13,20.823334,20.85,20.371332,20.544666,77124000
30,2019-02-14,20.225332,20.451332,20.066668,20.251333,78012000
31,2019-02-15,20.299999,20.533333,20.26,20.525333,58573500
32,2019-02-19,20.437332,20.769333,20.364668,20.375999,62526000
33,2019-02-20,20.294001,20.42,19.933332,20.170668,107131500
34,2019-02-21,20.120667,20.216,19.366667,19.415333,133638000
35,2019-02-22,19.632668,19.766666,19.473333,19.647333,86109000
36,2019-02-25,19.860666,20.193333,19.799999,19.917999,99397500
37,2019-02-26,19.481333,20.134001,19.251333,19.857332,128737500
38,2019-02-27,20.118668,21.086666,20.036667,20.982668,167758500
39,2019-02-28,21.261333,21.333332,20.720667,21.325333,157810500
40,2019-03-01,20.462667,20.475332,19.459999,19.652666,343671000
41,2019-03-04,19.874666,19.933332,18.851999,19.024,256452000
42,2019-03-05,18.799999,18.933332,18.006666,18.436001,281470500
43,2019-03-06,18.431999,18.767332,18.292667,18.416,155032500
44,2019-03-07,18.589333,18.98,18.283333,18.439333,141637500
45,2019-03-08,18.460667,19.039333,18.392668,18.942667,132294000
46,2019-03-11,18.901333,19.418667,18.700001,19.394667,110884500
47,2019-03-12,19.099333,19.204666,18.737333,18.890667,112561500
48,2019-03-13,18.926666,19.466,18.846666,19.264,102670500
49,2019-03-14,19.496668,19.692667,19.219334,19.330667,106551000
50,2019-03-15,18.900667,18.914667,18.293333,18.362,221782500
51,2019-03-18,18.4,18.536667,17.82,17.966,154215000
52,2019-03-19,17.833332,18.219999,17.563999,17.831333,177009000
53,2019-03-20,17.979334,18.331333,17.753332,18.24,103623000
54,2019-03-21,18.173332,18.43,17.896667,18.268,89206500
55,2019-03-22,18.172001,18.186666,17.6,17.635332,131184000
56,2019-03-25,17.313999,17.545334,16.964001,17.361334,153225000
57,2019-03-26,17.629333,18.017332,17.628668,17.851334,110263500
58,2019-03-27,17.916668,18.358,17.878668,18.322001,131688000
59,2019-03-28,18.477333,18.688667,18.34,18.574667,101611500
60,2019-03-29,18.58,18.677334,18.299999,18.657333,89869500
61,2019-04-01,18.841333,19.280001,18.752001,19.278667,121656000
62,2019-04-02,19.219999,19.296,18.925333,19.058666,82183500
63,2019-04-03,19.154667,19.744667,19.144667,19.454,118791000
65,2019-04-05,17.990667,18.406668,17.740667,18.330667,195574500
66,2019-04-08,18.512667,18.743999,18.029333,18.213333,156156000
67,2019-04-09,18.110001,18.333332,17.974001,18.153999,88560000
68,2019-04-10,18.449333,18.558666,18.192667,18.403999,105919500
69,2019-04-11,17.886667,18.033333,17.706667,17.894667,147538500
70,2019-04-12,18.014668,18.129999,17.788668,17.846666,101190000
71,2019-04-15,17.908667,17.925333,17.242001,17.758667,150579000
72,2019-04-16,17.716667,18.333332,17.648001,18.224001,109093500
73,2019-04-17,18.316668,18.319332,17.902666,18.082001,76897500
74,2019-04-18,18.082001,18.322666,17.983334,18.217333,88144500
75,2019-04-22,17.933332,17.978666,17.498667,17.516666,182206500
76,2019-04-23,17.343332,17.706667,17.049999,17.593332,164158500
77,2019-04-24,17.59,17.688,17.200001,17.243999,160912500
78,2019-04-25,17.0,17.266666,16.404667,16.508667,327741000
79,2019-04-26,16.433332,16.445333,15.408667,15.676,335410500
80,2019-04-29,15.724,16.265333,15.478,16.098,250717500
81,2019-04-30,16.137333,16.280666,15.8,15.912667,141969000
82,2019-05-01,15.923333,16.0,15.433333,15.600667,160566000
83,2019-05-02,16.368,16.475332,15.848,16.273333,272389500
85,2019-05-06,16.667999,17.223333,16.566668,17.022667,162508500
86,2019-05-07,17.120001,17.147333,16.34,16.470667,151971000
87,2019-05-08,16.462667,16.706667,16.280001,16.322666,92646000
88,2019-05-09,16.133333,16.245333,15.796,16.132,100671000
89,2019-05-10,15.983333,16.132668,15.734667,15.968,105124500
90,2019-05-13,15.467333,15.498,14.966667,15.134,162522000
91,2019-05-14,15.286667,15.633333,15.2,15.487333,108786000
92,2019-05-15,15.288,15.496,15.016667,15.463333,109440000
93,2019-05-16,15.299333,15.4,15.1,15.222,112249500
94,2019-05-17,14.797333,14.816,13.928,14.068667,266800500
95,2019-05-20,13.52,13.733333,13.016667,13.690667,307893000
96,2019-05-21,13.184,13.826667,13.069333,13.672,270058500
97,2019-05-22,13.273333,13.596,12.785333,12.848667,280278000
99,2019-05-24,13.322,13.332,12.583333,12.708667,212049000
100,2019-05-28,12.746667,13.0,12.523333,12.58,154693500
101,2019-05-29,12.473333,12.826,12.336,12.657333,179529000
102,2019-05-30,12.583333,12.817333,12.468,12.548,118897500
103,2019-05-31,12.34,12.661333,12.273333,12.344,156100500
104,2019-06-03,12.367333,12.445333,11.799333,11.931333,195966000
105,2019-06-04,12.073333,12.932,11.974,12.906667,207112500
106,2019-06-05,13.245333,13.418667,12.79,13.106,202662000
107,2019-06-06,13.629333,14.066667,13.453333,13.73,303633000
108,2019-06-07,13.666667,14.056,13.566667,13.633333,240052500
109,2019-06-10,14.016667,14.462667,13.934,14.192,158775000
110,2019-06-11,14.609333,14.726667,14.233333,14.473333,174802500
111,2019-06-12,14.863333,14.892,13.933333,13.950667,227962500
112,2019-06-13,14.025333,14.326667,13.834,14.260667,122524500
113,2019-06-14,14.083333,14.443333,14.026667,14.328,111501000
114,2019-06-17,14.365333,15.133333,14.284667,15.002,184752000
115,2019-06-18,15.248,15.649333,14.837333,14.982667,190737000
116,2019-06-19,15.007333,15.184667,14.737333,15.095333,98626500
117,2019-06-20,14.866667,15.126667,14.423333,14.641333,177952500
118,2019-06-21,14.414667,14.812,14.366667,14.790667,123031500
119,2019-06-24,14.882667,15.057333,14.734667,14.909333,86262000
120,2019-06-25,14.959333,15.022667,14.632667,14.650667,92731500
121,2019-06-26,14.687333,15.148667,14.54,14.618,127608000
122,2019-06-27,14.63,14.86,14.49,14.856,95095500
123,2019-06-28,14.732667,15.011333,14.72,14.897333,102771000
124,2019-07-01,15.347333,15.54,15.085333,15.144667,123201000
125,2019-07-02,15.259333,15.276667,14.814667,14.97,138885000
126,2019-07-03,15.959333,16.104668,15.634,15.66,213016500
127,2019-07-05,15.638,15.696667,15.386667,15.54,105985500
128,2019-07-08,15.416,15.483333,15.244,15.356,88207500
129,2019-07-09,15.264667,15.4,15.152,15.337333,92862000
130,2019-07-10,15.61,15.929333,15.542667,15.928,137185500
131,2019-07-11,15.876,16.1,15.72,15.906667,112716000
132,2019-07-12,15.983333,16.358667,15.980667,16.338667,138007500
133,2019-07-15,16.533333,16.961332,16.323999,16.9,165001500
134,2019-07-16,16.620001,16.902,16.528667,16.825333,122235000
135,2019-07-17,17.044666,17.220667,16.889999,16.990667,146470500
136,2019-07-18,17.003332,17.049999,16.792667,16.902666,71379000
137,2019-07-19,17.046,17.330667,16.974667,17.212,105726000
138,2019-07-22,17.25,17.476667,16.945999,17.045334,102636000
139,2019-07-23,17.114,17.365334,16.966667,17.344667,75346500
140,2019-07-24,17.278,17.738001,17.210667,17.658667,166092000
141,2019-07-25,15.566667,15.633333,15.036667,15.254667,336274500
142,2019-07-26,15.128,15.350667,14.816667,15.202667,150415500
143,2019-07-29,15.139333,15.729333,15.068667,15.718,139099500
144,2019-07-30,15.526667,16.224001,15.478667,16.150667,121635000
145,2019-07-31,16.200001,16.445333,15.776667,16.107332,137673000
146,2019-08-01,16.176666,16.300667,15.451333,15.59,123892500
147,2019-08-02,15.423333,15.751333,15.282,15.622667,92047500
148,2019-08-05,15.306667,15.424667,15.052,15.221333,105424500
149,2019-08-06,15.458667,15.5,15.05,15.383333,83463000
150,2019-08-07,15.1,15.571333,15.053333,15.561333,71647500
151,2019-08-08,15.63,15.986667,15.51,15.886667,79114500
152,2019-08-09,15.736667,15.930667,15.587333,15.667333,58473000
153,2019-08-12,15.532667,15.718,15.25,15.267333,69958500
154,2019-08-13,15.254,15.733333,15.17,15.666667,72721500
155,2019-08-14,15.414,15.433333,14.446,14.641333,143439000
156,2019-08-15,14.724,14.770667,14.103333,14.376,122394000
157,2019-08-16,14.444,14.816,14.401333,14.662667,76477500
158,2019-08-19,14.947333,15.188667,14.78,15.122,79644000
159,2019-08-20,15.174667,15.272667,14.969333,15.057333,61878000
160,2019-08-21,14.800667,14.881333,14.506667,14.722,116914500
161,2019-08-22,14.853333,15.026667,14.548,14.81,98385000
162,2019-08-23,14.664667,14.744667,14.066667,14.093333,128079000
163,2019-08-26,14.24,14.334667,14.102667,14.333333,75778500
164,2019-08-27,14.382667,14.586667,14.135333,14.272,81243000
165,2019-08-28,14.246,14.483333,14.154,14.372667,48382500
166,2019-08-29,14.6,14.893333,14.533333,14.780667,77692500
167,2019-08-30,15.276667,15.496,14.947333,15.040667,139809000
168,2019-09-03,14.938667,15.263333,14.877333,15.000667,80311500
169,2019-09-04,15.126,15.230667,14.614,14.712,86415000
170,2019-09-05,14.833333,15.32,14.723333,15.305333,110929500
171,2019-09-06,15.146667,15.309333,15.011333,15.163333,62841000
172,2019-09-09,15.333333,15.584,15.282,15.452667,72040500
173,2019-09-10,15.386667,15.702667,15.262667,15.702667,73255500
174,2019-09-11,15.825333,16.544666,15.733333,16.473333,150642000
175,2019-09-12,16.513332,16.9,16.293333,16.391333,128718000
176,2019-09-13,16.464001,16.563334,16.324667,16.346666,79696500
177,2019-09-16,16.4,16.495333,16.077999,16.187332,70921500
178,2019-09-17,16.164667,16.373333,16.024668,16.319332,57981000
179,2019-09-18,16.333332,16.544666,16.158001,16.232668,62553000
180,2019-09-19,16.4,16.529333,16.322666,16.440001,71937000
181,2019-09-20,16.432667,16.463333,15.877333,16.041332,95295000
182,2019-09-23,16.0,16.345333,15.948,16.082001,65103000
183,2019-09-24,16.101334,16.132668,14.840667,14.880667,193372500
184,2019-09-25,14.970667,15.265333,14.557333,15.246667,141406500
185,2019-09-26,15.377333,16.220667,15.16,16.170668,178267500
186,2019-09-27,16.146667,16.580667,15.915333,16.142,166746000
187,2019-09-30,16.200001,16.265333,15.740667,16.058001,88197000
188,2019-10-01,16.1,16.396667,15.942,16.312668,92439000
189,2019-10-02,16.219334,16.309999,15.962,16.208668,84471000
190,2019-10-03,15.457333,15.632,14.952,15.535333,226267500
191,2019-10-04,15.440667,15.652,15.204667,15.428667,119925000
192,2019-10-07,15.32,15.904,15.236667,15.848,120963000
193,2019-10-08,15.724667,16.262667,15.633333,16.003332,130173000
194,2019-10-09,16.087999,16.486668,16.043333,16.302,103416000
195,2019-10-10,16.351999,16.618668,16.105333,16.316,94249500
196,2019-10-11,16.476667,16.738667,16.454,16.525999,127131000
197,2019-10-14,16.526667,17.236668,16.475332,17.130667,153075000
198,2019-10-15,17.18,17.333332,16.941334,17.192667,96492000
199,2019-10-16,17.159332,17.473333,17.128,17.316668,100261500
200,2019-10-17,17.5,17.652,17.344667,17.464666,71539500
201,2019-10-18,17.379999,17.52,17.006666,17.129999,86247000
202,2019-10-21,17.222,17.299999,16.678667,16.9,75304500
203,2019-10-22,16.954666,17.222,16.723333,17.038668,69012000
204,2019-10-23,16.966667,17.076,16.756666,16.978666,78916500
207,2019-10-28,21.836,22.722668,21.506666,21.847334,283054500
208,2019-10-29,21.332666,21.620001,20.983334,21.081333,190264500
209,2019-10-30,20.866667,21.252666,20.664667,21.000668,144627000
210,2019-10-31,20.873333,21.266666,20.866667,20.994667,76005000
211,2019-11-01,21.087999,21.098667,20.653334,20.887333,95758500
212,2019-11-04,20.986668,21.462667,20.617332,21.164667,131805000
213,2019-11-05,21.308001,21.567333,21.074667,21.148001,104151000
214,2019-11-06,21.200001,21.781334,20.966667,21.771999,119113500
215,2019-11-07,21.942667,22.766666,21.868,22.369333,217009500
216,2019-11-08,22.299999,22.497334,22.166668,22.476,91038000
217,2019-11-11,22.93,23.279333,22.799999,23.006001,149800500
218,2019-11-12,23.126667,23.358,22.936001,23.328667,110391000
219,2019-11-13,23.666668,23.755333,23.011999,23.073999,126301500
220,2019-11-14,23.073999,23.589333,22.860666,23.290001,96973500
221,2019-11-15,23.375999,23.52,23.224001,23.478001,72135000
222,2019-11-18,23.528,23.543333,23.073334,23.332666,66006000
223,2019-11-19,23.450001,23.999332,23.186666,23.968,115872000
224,2019-11-20,24.0,24.08,23.304667,23.481333,100876500
225,2019-11-21,23.634001,24.056,23.6,23.655333,91650000
226,2019-11-22,22.677334,22.733334,22.0,22.202667,253059000
227,2019-11-25,22.954666,22.971333,22.297333,22.422667,185092500
228,2019-11-26,22.351334,22.366667,21.806667,21.927999,119211000
229,2019-11-27,22.074667,22.261999,21.904667,22.086,83334000
230,2019-11-29,22.073999,22.084,21.833332,21.996,36984000
231,2019-12-02,21.959999,22.425333,21.912666,22.324667,91117500
232,2019-12-03,22.174667,22.527332,22.146,22.413334,98605500
233,2019-12-04,22.516666,22.524,22.190001,22.202,82995000
234,2019-12-05,22.188667,22.294666,21.816668,22.024668,55869000
235,2019-12-06,22.333332,22.590668,22.318001,22.392668,114186000
236,2019-12-09,22.439333,22.963333,22.338667,22.635332,135346500
237,2019-12-10,22.664,23.382,22.620667,23.256001,132424500
238,2019-12-11,23.458668,23.812668,23.406,23.513332,103467000
239,2019-12-12,23.661333,24.182667,23.548668,23.978666,116458500
240,2019-12-13,24.07,24.347334,23.642668,23.892668,98563500
241,2019-12-16,24.17,25.573999,24.166668,25.433332,272613000
242,2019-12-17,25.266001,25.700001,25.059999,25.266001,127452000
243,2019-12-18,25.375334,26.348,25.372,26.209999,211815000
244,2019-12-19,26.488001,27.123333,26.433332,26.936001,271606500
245,2019-12-20,27.352667,27.533333,26.679333,27.039333,221290500
246,2019-12-23,27.452,28.134001,27.333332,27.948,199794000
247,2019-12-24,27.890667,28.364668,27.512667,28.35,120820500
248,2019-12-26,28.527332,28.898666,28.423332,28.729334,159508500
249,2019-12-27,29.0,29.020666,28.407333,28.691999,149185500
250,2019-12-30,28.586,28.6,27.284,27.646667,188796000
251,2019-12-31,27.0,28.086,26.805332,27.888666,154285500
252,2020-01-02,28.299999,28.713333,28.114,28.684,142981500
253,2020-01-03,29.366667,30.266666,29.128,29.534,266677500
254,2020-01-06,29.364668,30.104,29.333332,30.102667,151995000
255,2020-01-07,30.76,31.441999,30.224001,31.270666,268231500
258,2020-01-10,32.119331,32.329334,31.58,31.876667,194392500
261,2020-01-15,35.317333,35.855999,34.452667,34.566666,260532000
262,2020-01-16,32.916668,34.297333,32.811333,34.232666,326050500
263,2020-01-17,33.840668,34.377998,33.543999,34.033333,204436500
264,2020-01-21,35.349998,36.571999,35.227333,36.48,267052500
266,2020-01-23,37.616669,38.799999,37.040001,38.146667,294765000
267,2020-01-24,38.042,38.257332,36.950668,37.654667,215304000
268,2020-01-27,36.132668,37.629333,35.952,37.201332,204121500
269,2020-01-28,37.899334,38.453999,37.205334,37.793331,176827500
270,2020-01-29,38.379333,39.32,37.828667,38.732666,267022500
272,2020-01-31,42.666668,43.533333,42.167999,43.371334,235789500
277,2020-02-07,48.703335,51.316666,48.666668,49.871334,255952500
279,2020-02-11,51.252666,52.234001,50.533333,51.625332,175462500
280,2020-02-12,51.858002,52.650002,50.891335,51.152668,180337500
282,2020-02-14,52.481335,54.198002,52.366669,53.335335,235405500
283,2020-02-18,56.106667,57.333332,55.490665,57.226665,245725500
285,2020-02-20,60.796665,60.799999,57.329334,59.960667,264523500
286,2020-02-21,60.465332,60.870667,58.696667,60.066666,214722000
287,2020-02-24,55.933334,57.566666,54.813332,55.585999,227883000
288,2020-02-25,56.599998,57.106667,52.466667,53.327332,259357500
289,2020-02-26,52.166668,54.220669,51.740665,51.919998,211282500
292,2020-03-02,47.417332,49.579334,45.778,49.574669,302925000
294,2020-03-04,50.930668,51.101334,48.315334,49.966667,225735000
295,2020-03-05,48.251331,49.716667,47.871334,48.302666,162790500
296,2020-03-06,46.0,47.133331,45.618,46.898666,189943500
297,2020-03-09,40.359333,44.200001,40.333332,40.533333,256105500
298,2020-03-10,43.962002,44.533333,40.533333,43.021999,233916000
299,2020-03-11,42.68,43.571999,40.866669,42.282001,199837500
300,2020-03-12,38.726002,39.633331,36.416668,37.369999,283636500
301,2020-03-13,39.666668,40.504665,33.466667,36.441334,339604500
302,2020-03-16,31.299999,32.991333,29.478001,29.671333,307342500
307,2020-03-23,28.906668,29.466667,27.366667,28.952667,246817500
308,2020-03-24,31.82,34.245998,31.6,33.666668,343428000
309,2020-03-25,36.349998,37.133331,34.074001,35.950001,318340500
310,2020-03-26,36.492668,37.333332,34.150002,35.210667,260710500
311,2020-03-27,33.666668,35.053333,32.935333,34.290668,215661000
312,2020-03-30,34.017334,34.443333,32.748669,33.475334,179971500
313,2020-03-31,33.416668,36.197334,33.133331,34.933334,266572500
314,2020-04-01,33.599998,34.263332,31.673332,32.104,200298000
315,2020-04-02,32.068668,32.950668,29.76,30.298,297876000
316,2020-04-03,33.966667,34.366001,31.226,32.000668,338431500
317,2020-04-06,34.080002,34.733334,33.197334,34.416,223527000
318,2020-04-07,36.333332,37.666668,35.489334,36.363335,268797000
319,2020-04-08,36.946667,37.147331,35.555332,36.589333,189840000
320,2020-04-09,37.472668,38.345333,37.140667,38.200001,204750000
321,2020-04-13,39.344002,43.466667,38.702,43.396667,337131000
323,2020-04-15,49.466667,50.208668,47.333332,48.655334,353655000
324,2020-04-16,47.796001,50.630001,47.114666,49.680668,309868500
325,2020-04-17,51.485332,51.663334,49.844002,50.259335,196923000
326,2020-04-20,48.846668,51.037998,47.480667,49.757332,221199000
327,2020-04-21,48.674667,50.222,44.919334,45.781334,303136500
328,2020-04-22,46.931999,48.933334,45.914001,48.807335,212482500
329,2020-04-23,48.506668,48.933334,46.875332,47.042,198550500
330,2020-04-24,47.387333,48.715332,46.545334,48.343334,198180000
331,2020-04-27,49.174,53.299332,49.0,53.25,310221000
332,2020-04-28,53.042667,53.666668,50.445999,51.274666,228330000
333,2020-04-29,52.678001,53.546665,52.210667,53.367332,243240000
336,2020-05-04,46.733334,50.799999,46.533333,50.745998,288556500
337,2020-05-05,52.652668,53.261333,50.812,51.214001,254875500
338,2020-05-06,51.766666,52.653332,50.740665,52.172001,166848000
339,2020-05-07,51.813999,53.093334,51.490002,52.002666,172915500
340,2020-05-08,52.917999,54.933334,52.467335,54.627998,241297500
341,2020-05-11,52.700668,54.933334,52.333332,54.085999,247794000
342,2020-05-12,55.133331,56.219334,53.866669,53.960667,238603500
343,2020-05-13,54.722,55.066666,50.886665,52.730667,285982500
344,2020-05-14,52.0,53.557335,50.933334,53.555332,205233000
345,2020-05-15,52.689999,53.669998,52.436668,53.278,157776000
346,2020-05-18,55.185333,55.647999,53.591999,54.242001,174987000
347,2020-05-19,54.344666,54.804668,53.738667,53.867332,144547500
348,2020-05-20,54.700001,55.066666,54.119999,54.370667,109639500
349,2020-05-21,54.400002,55.5,53.066666,55.173332,183819000
350,2020-05-22,54.811333,55.452,54.133331,54.458668,149812500
351,2020-05-26,55.633331,55.639999,54.380669,54.591331,121345500
352,2020-05-27,54.723999,55.180668,52.333332,54.681999,173242500
353,2020-05-28,54.234001,54.983334,53.445999,53.720669,108834000
354,2020-05-29,53.916668,55.666668,53.613998,55.666668,176467500
355,2020-06-01,57.200001,59.933334,56.939999,59.873333,224092500
356,2020-06-02,59.646667,60.577332,58.066666,58.770668,203484000
357,2020-06-03,59.208,59.862667,58.673332,58.863998,119242500
358,2020-06-04,59.325333,59.716667,57.229332,57.625332,133315500
359,2020-06-05,58.522667,59.101334,57.746666,59.043999,117178500
360,2020-06-08,61.266666,63.333332,60.610668,63.327999,212620500
361,2020-06-09,62.667332,63.629333,61.595333,62.711334,170823000
362,2020-06-10,66.125336,68.498665,65.5,68.33667,278451000
363,2020-06-11,66.013336,67.930664,64.800003,64.856003,238747500
364,2020-06-12,65.333336,65.865334,60.84,62.352001,251451000
365,2020-06-15,61.186001,66.589333,60.566666,66.059998,235458000
366,2020-06-16,67.456665,67.52533,64.159332,65.475334,210766500
367,2020-06-17,65.847336,67.0,65.504669,66.119331,148362000
368,2020-06-18,66.866669,67.946671,66.297997,66.930664,146278500
369,2020-06-19,67.518669,67.731331,66.089333,66.726669,130195500
370,2020-06-22,66.66333,67.258667,66.001335,66.288002,95436000
371,2020-06-23,66.592003,67.466667,66.267334,66.785332,95479500
372,2020-06-24,66.274002,66.725334,63.542667,64.056664,164394000
373,2020-06-25,63.618,65.732002,62.476665,65.732002,138817500
374,2020-06-26,66.318665,66.333336,63.658001,63.982666,132823500
375,2020-06-29,64.60067,67.333336,63.234669,67.290001,135396000
376,2020-06-30,67.099998,72.512665,66.915337,71.987335,253777500
377,2020-07-01,72.199997,75.688667,72.033333,74.641998,199903500
378,2020-07-02,81.431999,81.866669,79.040001,80.577332,258751500
379,2020-07-06,85.112663,91.852669,84.402664,91.438667,308548500
380,2020-07-07,93.667336,95.300003,89.113998,92.657333,322345500
381,2020-07-08,93.666664,94.484001,87.422668,91.05867,244669500
382,2020-07-09,93.132668,93.903999,90.085335,92.952003,175764000
383,2020-07-10,93.066666,103.26133,91.734001,102.976669,350064000
385,2020-07-14,103.73333,106.0,95.400002,101.120003,351271500
386,2020-07-15,102.866669,103.333336,97.133331,103.067329,245517000
387,2020-07-16,98.477333,102.113998,97.73333,100.042664,214512000
388,2020-07-17,100.896667,102.500664,99.333336,100.056,139950000
389,2020-07-20,101.267334,110.0,99.199997,109.533333,256821000
390,2020-07-21,109.328667,111.666664,103.866669,104.557335,241608000
391,2020-07-22,106.599998,108.428001,104.133331,106.155334,212416500
393,2020-07-24,94.400665,97.666664,91.102669,94.466667,290949000
394,2020-07-27,95.666664,103.195999,94.199997,102.639999,240730500
395,2020-07-28,100.26667,104.313332,98.29467,98.432671,237130500
396,2020-07-29,100.066666,102.320663,99.133331,99.940666,141403500
397,2020-07-30,99.199997,100.882668,98.066666,99.166,114315000
398,2020-07-31,101.0,101.136665,94.732002,95.384003,183123000
399,2020-08-03,96.613335,100.653999,96.292,99.0,132139500
400,2020-08-04,99.667336,101.827332,97.466667,99.133331,126225000
401,2020-08-05,99.532669,99.989334,97.887337,99.001335,74217000
402,2020-08-06,99.388664,101.153999,98.484001,99.305336,89884500
403,2020-08-07,99.96933,99.98333,94.334,96.847336,133446000
404,2020-08-10,96.533333,97.166664,92.389336,94.571335,112834500
405,2020-08-11,93.066666,94.666664,91.0,91.625999,129387000
406,2020-08-12,98.0,105.666664,95.666664,103.650665,327441000
407,2020-08-13,107.400002,110.078667,104.484001,108.066666,306379500
408,2020-08-14,110.999336,111.253334,108.442665,110.047333,188664000
409,2020-08-17,111.800003,123.057335,111.522003,122.375999,303634500
410,2020-08-18,126.599335,128.259995,123.007332,125.806,247117500
411,2020-08-19,124.333336,127.400002,122.74733,125.235336,183079500
412,2020-08-20,124.045334,134.799332,123.804001,133.455338,309177000
413,2020-08-21,136.317337,139.699326,135.003326,136.665329,322344000
414,2020-08-24,141.751999,141.933334,128.501328,134.279999,300954000
415,2020-08-25,131.659332,135.196671,131.199997,134.889328,159883500
416,2020-08-26,137.333328,144.399994,136.908661,143.544662,213591000
418,2020-08-28,153.007996,154.565994,145.768005,147.559998,301218000
420,2020-09-01,167.380005,167.496674,156.83667,158.350006,269523300
421,2020-09-02,159.66333,159.679993,135.039993,149.123337,288528300
422,2020-09-03,135.743332,143.933334,134.0,135.666672,262788300
423,2020-09-04,134.270004,142.666672,124.006668,139.440002,330965700
424,2020-09-08,118.666664,122.91333,109.959999,110.07,346397100
425,2020-09-09,118.866669,123.0,113.83667,122.09333,238397400
426,2020-09-10,128.736664,132.996674,120.186668,123.779999,254791800
427,2020-09-11,127.313332,127.5,120.166664,124.239998,182152500
428,2020-09-14,126.98333,140.0,124.433334,139.873337,249061800
429,2020-09-15,145.520004,153.979996,143.566666,149.919998,291894600
430,2020-09-16,146.623337,152.596664,145.103333,147.253326,216837900
431,2020-09-17,138.53334,145.929993,136.0,141.143326,230337600
432,2020-09-18,149.313339,150.333328,142.933334,147.383331,259220400
433,2020-09-21,151.043335,151.893326,135.690002,149.796661,328430400
434,2020-09-22,143.199997,145.919998,139.199997,141.410004,238742400
435,2020-09-23,135.053329,137.383331,125.293335,126.786667,285222600
436,2020-09-24,121.26667,133.166672,117.099998,129.263336,289683300
437,2020-09-25,131.156662,136.243332,130.433334,135.779999,201625500
438,2020-09-28,141.539993,142.693329,138.516663,140.399994,149158800
439,2020-09-29,138.666672,142.833328,137.199997,139.690002,150657900
440,2020-09-30,140.440002,144.643326,140.156662,143.003326,144436800
441,2020-10-01,146.919998,149.626663,144.806671,149.386673,152224500
442,2020-10-02,140.463333,146.376663,138.333328,138.363327,214290000
443,2020-10-05,141.116669,144.546661,139.776672,141.893326,134168400
444,2020-10-06,141.263336,142.926666,135.350006,137.993332,147438900
445,2020-10-07,139.956665,143.300003,137.949997,141.766663,129383100
446,2020-10-08,146.146667,146.333328,141.766663,141.973328,121263300
447,2020-10-09,143.376663,144.863327,142.153336,144.666672,86777100
448,2020-10-12,147.333328,149.580002,146.193329,147.433334,116373300
449,2020-10-13,147.78334,149.630005,145.53334,148.883331,103391100
450,2020-10-14,149.926666,155.300003,149.116669,153.766663,143639100
451,2020-10-15,150.103333,152.190002,147.5,149.626663,107017200
452,2020-10-16,151.479996,151.983337,146.28334,146.556671,98327700
453,2020-10-19,148.746674,149.0,142.956665,143.610001,108863400
454,2020-10-20,143.916672,143.916672,139.683334,140.646667,94968900
455,2020-10-21,140.899994,144.316666,140.416672,140.880005,97111500
456,2020-10-22,147.306671,148.410004,141.503326,141.929993,119979600
457,2020-10-23,140.613327,140.963333,135.793335,140.210007,101151000
458,2020-10-26,137.210007,141.919998,136.666672,140.093338,84717600
459,2020-10-27,141.253326,143.5,140.03334,141.559998,68059500
460,2020-10-28,138.82666,139.53334,135.333328,135.339996,76354200
461,2020-10-29,136.653336,139.353333,135.486664,136.943329,67965900
462,2020-10-30,135.633331,135.863327,126.370003,129.346664,127533900
463,2020-11-02,131.333328,135.660004,130.766663,133.503326,87063300
464,2020-11-03,136.57666,142.589996,135.563339,141.300003,103055100
465,2020-11-04,143.539993,145.133331,139.03334,140.32666,96429300
466,2020-11-05,142.766663,146.666672,141.333328,146.029999,85243500
467,2020-11-06,145.366669,145.523331,141.426666,143.316666,65118000
468,2020-11-09,146.5,150.833328,140.333328,140.419998,104499000
469,2020-11-10,140.029999,140.029999,132.009995,136.786667,90852600
470,2020-11-11,138.816666,139.566666,136.860001,139.043335,52073100
471,2020-11-12,138.350006,141.0,136.506668,137.253326,59565300
472,2020-11-13,136.949997,137.509995,133.886673,136.166672,59313300
473,2020-11-16,136.309998,137.483337,134.696671,136.029999,80515800
474,2020-11-17,153.389999,154.0,144.33667,147.203339,183564900
475,2020-11-18,149.449997,165.333328,147.833328,162.213333,234132000
476,2020-11-19,164.0,169.536667,162.523331,166.42334,187425900
477,2020-11-20,165.996674,167.5,163.020004,163.203339,98735700
478,2020-11-23,167.833328,175.333328,167.263336,173.949997,150780900
479,2020-11-24,180.133331,186.66333,175.399994,185.126663,160945500
480,2020-11-25,183.353333,191.333328,181.789993,191.333328,146790600
481,2020-11-27,193.720001,199.593338,192.816666,195.253326,112683300
482,2020-11-30,200.736664,202.600006,184.83667,189.199997,189009300
483,2020-12-01,199.196671,199.28334,190.683334,194.919998,120310500
484,2020-12-02,185.479996,190.513336,180.403336,189.606674,143327100
485,2020-12-03,196.67334,199.656662,194.143326,197.793335,127656000
486,2020-12-04,197.003326,199.679993,195.166672,199.679993,88203900
487,2020-12-07,201.639999,216.263336,201.016663,213.919998,168929100
488,2020-12-08,208.503326,217.093338,206.166672,216.626663,192795000
489,2020-12-09,217.896667,218.106674,196.0,201.493332,213873600
490,2020-12-10,191.456665,209.25,188.779999,209.023331,201249600
491,2020-12-11,205.003326,208.0,198.933334,203.330002,139425000
492,2020-12-14,206.333328,214.25,203.399994,213.276672,156121800
493,2020-12-15,214.426666,215.633331,207.933334,211.083328,135214500
494,2020-12-16,209.410004,210.833328,201.666672,207.589996,126287400
495,2020-12-17,209.396667,219.606674,206.5,218.633331,168810300
497,2020-12-21,222.080002,222.833328,215.356674,216.619995,174135900
498,2020-12-22,216.0,216.626663,204.743332,213.446671,155148000
499,2020-12-23,210.733337,217.166672,207.523331,215.32666,99519000
500,2020-12-24,214.330002,222.029999,213.666672,220.589996,68596800
501,2020-12-28,224.83667,227.133331,220.266663,221.229996,96835800
502,2020-12-29,220.333328,223.300003,218.333328,221.996674,68732400
503,2020-12-30,224.0,232.199997,222.786667,231.593338,128538000
504,2020-12-31,233.330002,239.573334,230.373337,235.223328,148949700
505,2021-01-04,239.820007,248.16333,239.063339,243.256668,145914600
506,2021-01-05,241.220001,246.946671,239.733337,245.036667,96735600
507,2021-01-06,252.830002,258.0,249.699997,251.993332,134100000
508,2021-01-07,259.209991,272.329987,258.399994,272.013336,154496700
509,2021-01-08,285.333344,294.829987,279.463318,293.339996,225166500
510,2021-01-11,283.133331,284.809998,267.873322,270.396667,177904800
511,2021-01-12,277.0,289.333344,275.779999,283.146667,138812100
512,2021-01-13,284.253326,286.823334,277.333344,284.803345,99937500
513,2021-01-14,281.130005,287.666656,279.583344,281.666656,93798900
514,2021-01-15,284.0,286.633331,273.033325,275.386658,116332800
515,2021-01-19,279.266663,283.333344,277.666656,281.516663,76101000
516,2021-01-20,286.246674,286.5,279.093323,283.483337,76997700
517,2021-01-21,285.0,285.23999,280.473328,281.66333,61563300
518,2021-01-22,278.103333,282.666656,276.206665,282.213318,60199500
519,2021-01-25,285.0,300.133331,279.606659,293.600006,123520200
520,2021-01-26,297.126678,298.633331,290.533325,294.363342,69394800
521,2021-01-27,290.116669,297.166656,286.220001,288.053345,82002000
522,2021-01-28,273.333344,282.666656,267.0,278.476654,79134000
523,2021-01-29,276.666656,280.803345,260.033325,264.51001,104972400
524,2021-02-01,271.429993,280.666656,265.186676,279.936676,76174200
525,2021-02-02,281.559998,293.5,280.733337,290.929993,73038600
526,2021-02-03,292.339996,292.693329,284.353333,284.896667,55030500
527,2021-02-04,285.0,285.5,277.806671,283.329987,47438100
528,2021-02-05,281.666656,288.256653,279.656677,284.07666,55699800
529,2021-02-08,289.890015,292.589996,284.916656,287.806671,60485100
530,2021-02-09,285.040009,286.600006,280.583344,283.15332,45473100
531,2021-02-10,281.213318,281.606659,266.67334,268.273346,108648300
532,2021-02-11,270.813324,276.626678,267.243347,270.553345,64868400
533,2021-02-12,267.08667,272.443329,261.776672,272.040009,71304900
534,2021-02-16,272.666656,273.666656,264.146667,265.406677,59406900
535,2021-02-17,259.696655,266.613342,254.003326,266.049988,77989500
536,2021-02-18,260.299988,264.896667,258.756653,262.459991,53871300
537,2021-02-19,265.0,265.59668,259.123322,260.433319,56874900
538,2021-02-22,254.213333,256.166656,236.733337,238.166672,111809100
539,2021-02-23,220.710007,237.869995,206.333328,232.946671,199820700
540,2021-02-24,237.28334,248.333328,231.389999,247.339996,110301000
541,2021-02-25,242.050003,245.736664,223.526672,227.406662,117071700
542,2021-02-26,233.333328,235.566666,219.83667,225.166672,123267600
543,2021-03-01,230.036667,239.666672,228.350006,239.476669,81408600
544,2021-03-02,239.426666,240.369995,228.333328,228.813339,71196600
545,2021-03-03,229.330002,233.566666,217.236664,217.733337,90624000
546,2021-03-04,218.600006,222.816666,200.0,207.146667,197758500
547,2021-03-05,208.686661,209.279999,179.830002,199.316666,268189500
548,2021-03-08,200.183334,206.710007,186.263336,187.666672,155361000
549,2021-03-09,202.726669,226.029999,198.403336,224.526672,202569900
550,2021-03-10,233.433334,239.28334,218.353333,222.686661,181817100
551,2021-03-11,233.133331,234.166672,225.726669,233.199997,108761700
552,2021-03-12,223.333328,231.626663,222.046661,231.243332,100751400
553,2021-03-15,231.363327,237.726669,228.013336,235.979996,88006800
554,2021-03-16,234.449997,235.973328,223.666672,225.626663,96587100
555,2021-03-17,218.956665,234.57666,217.003326,233.936661,121117500
556,2021-03-18,228.096664,229.743332,217.333328,217.720001,99674400
557,2021-03-19,215.53334,219.07666,208.206665,218.289993,128682000
558,2021-03-22,228.196671,233.206665,222.916672,223.333328,118536600
559,2021-03-23,225.256668,225.933334,219.169998,220.720001,91475700
560,2021-03-24,222.636673,222.67334,210.036667,210.089996,101385600
561,2021-03-25,204.333328,215.166672,203.166672,213.463333,117674700
562,2021-03-26,213.956665,214.606674,199.963333,206.236664,101558400
563,2021-03-29,205.213333,205.493332,198.67334,203.763336,85911000
564,2021-03-30,200.583328,212.553329,197.003326,211.873337,118297200
565,2021-03-31,215.539993,224.0,213.703339,222.643326,100011900
566,2021-04-01,229.456665,230.806671,219.806671,220.583328,105895200
567,2021-04-05,235.903336,236.053329,228.233337,230.350006,125528400
568,2021-04-06,230.100006,232.183334,227.123337,230.539993,84815400
569,2021-04-07,229.0,230.460007,222.613327,223.656662,78928200
570,2021-04-08,225.793335,229.850006,223.883331,227.933334,71772900
571,2021-04-09,225.92334,226.990005,223.143326,225.67334,64311300
572,2021-04-12,228.566666,234.933334,227.363327,233.993332,87407100
573,2021-04-13,237.566666,254.333328,236.886673,254.106674,133958400
574,2021-04-14,256.899994,260.263336,242.676666,244.07666,147052200
575,2021-04-15,247.699997,247.896667,240.436661,246.28334,83546700
576,2021-04-16,242.883331,249.803329,241.53334,246.593338,83938500
577,2021-04-19,239.866669,241.800003,230.600006,238.210007,119058600
578,2021-04-20,239.139999,245.75,236.896667,239.66333,106827000
579,2021-04-21,234.92334,248.279999,232.666672,248.039993,93646500
580,2021-04-22,247.166672,251.256668,239.346664,239.896667,106770900
581,2021-04-23,239.933334,245.786667,238.486664,243.133331,85110000
582,2021-04-26,247.0,249.766663,244.203339,246.066666,93115500
583,2021-04-27,239.320007,241.333328,234.449997,234.91333,88311000
584,2021-04-28,232.136673,236.166672,231.199997,231.46666,66813000
585,2021-04-29,233.169998,234.083328,222.833328,225.666672,86536200
586,2021-04-30,222.529999,238.490005,222.046661,236.479996,122276100
587,2021-05-03,234.600006,235.333328,226.833328,228.300003,81129300
588,2021-05-04,226.313339,227.816666,219.233337,224.53334,89217900
589,2021-05-05,227.020004,228.433334,222.446671,223.646667,65705700
590,2021-05-06,226.919998,227.006668,216.666672,221.179993,83353800
591,2021-05-07,221.933334,230.0,220.073334,224.123337,70407600
592,2021-05-10,221.633331,221.683334,209.203339,209.679993,94177200
593,2021-05-11,199.746674,209.03334,198.53334,205.733337,139511700
594,2021-05-12,200.830002,206.803329,195.589996,196.630005,101470800
595,2021-05-13,200.513336,202.153336,186.550003,190.563339,132554700
596,2021-05-14,194.470001,197.623337,190.153336,196.580002,100112700
597,2021-05-17,191.850006,196.57666,187.066666,192.276672,97171200
598,2021-05-18,189.333328,198.75,187.793335,192.623337,110491800
599,2021-05-19,184.183334,188.736664,182.32666,187.820007,118735200
600,2021-05-20,191.666672,196.28334,190.356674,195.593338,92463300
601,2021-05-21,198.703339,198.893326,193.333328,193.626663,78091800
602,2021-05-24,193.866669,204.82666,191.21666,202.146667,103674300
603,2021-05-25,202.436661,204.66333,198.570007,201.563339,84017700
604,2021-05-26,202.520004,208.723328,200.5,206.376663,85917900
605,2021-05-27,206.746674,210.376663,205.403336,210.28334,79111800
606,2021-05-28,209.5,211.863327,207.460007,208.406662,68211000
607,2021-06-01,209.266663,211.266663,206.850006,207.96666,54254700
608,2021-06-02,206.710007,207.786667,199.713333,201.706665,69908400
609,2021-06-03,200.600006,201.516663,190.406662,190.946671,90335700
610,2021-06-04,193.236664,200.203339,192.399994,199.683334,72110700
611,2021-06-07,197.276672,203.333328,194.293335,201.710007,67631100
612,2021-06-08,207.669998,207.696671,198.5,201.196671,78160200
613,2021-06-09,200.723328,203.929993,199.210007,199.593338,49753800
614,2021-06-10,201.293335,205.529999,200.166672,203.373337,71758800
615,2021-06-11,203.410004,204.186661,200.506668,203.296661,48615900
616,2021-06-14,204.07666,208.496674,203.059998,205.896667,61272000
617,2021-06-15,205.563339,205.596664,199.410004,199.786667,53292300
618,2021-06-16,199.179993,202.833328,197.833328,201.623337,66432300
619,2021-06-17,200.630005,207.156662,200.446671,205.53334,68104200
620,2021-06-18,204.456665,209.449997,203.933334,207.770004,73682700
621,2021-06-21,208.160004,210.463333,202.960007,206.943329,74438100
622,2021-06-22,206.083328,209.523331,205.166672,207.903336,57476700
623,2021-06-23,210.666672,219.066666,210.013336,218.856674,93297600
624,2021-06-24,224.996674,232.539993,222.536667,226.606674,137947200
625,2021-06-25,229.860001,231.270004,222.899994,223.956665,97490100
626,2021-06-28,223.880005,231.566666,223.440002,229.573334,64884600
627,2021-06-29,228.21666,229.169998,225.296661,226.919998,52143900
628,2021-06-30,226.589996,230.936661,226.046661,226.566666,56774700
629,2021-07-01,227.973328,229.330002,224.266663,225.973328,55903500
630,2021-07-02,226.32666,233.333328,224.419998,226.300003,81163500
631,2021-07-06,227.236664,228.0,217.133331,219.860001,69853500
632,2021-07-07,221.42334,221.899994,212.773331,214.883331,56376000
633,2021-07-08,209.456665,218.143326,206.820007,217.603333,68319900
634,2021-07-09,217.726669,219.636673,214.896667,218.983337,54421500
635,2021-07-12,220.733337,229.080002,220.720001,228.566666,77781000
636,2021-07-13,228.773331,231.093338,222.100006,222.846664,62898300
637,2021-07-14,223.583328,226.203339,217.613327,217.793335,64923600
638,2021-07-15,219.463333,222.046661,212.626663,216.866669,60628800
639,2021-07-16,218.226669,218.899994,214.066666,214.740005,49113000
640,2021-07-19,209.963333,215.733337,207.096664,215.406662,63891300
641,2021-07-20,217.330002,220.796661,213.5,220.166672,46461300
642,2021-07-21,219.869995,221.619995,216.763336,218.429993,41859900
643,2021-07-22,218.813339,220.723328,214.866669,216.419998,45317100
644,2021-07-23,215.453339,216.266663,212.433334,214.460007,43814700
645,2021-07-26,216.990005,222.733337,215.703339,219.206665,76009800
646,2021-07-27,221.133331,222.166672,209.080002,214.926666,98439900
647,2021-07-28,215.666672,218.323334,213.133331,215.660004,48019800
648,2021-07-29,216.596664,227.896667,216.266663,225.78334,91183800
649,2021-07-30,223.919998,232.509995,223.0,229.066666,88969200
650,2021-08-02,233.333328,242.313339,232.800003,236.556671,100847400
651,2021-08-03,239.666672,240.883331,233.669998,236.580002,64860900
652,2021-08-04,237.0,241.633331,236.309998,236.973328,51007800
653,2021-08-05,238.666672,240.316666,237.136673,238.210007,38758800
654,2021-08-06,237.300003,238.776672,232.543335,233.03334,46869000
655,2021-08-09,236.723328,239.676666,235.043335,237.919998,44145900
656,2021-08-10,237.996674,238.863327,233.960007,236.66333,40296900
657,2021-08-11,237.570007,238.393326,234.736664,235.940002,29401800
658,2021-08-12,235.446671,240.933334,233.133331,240.75,52377300
659,2021-08-13,241.236664,243.300003,238.113327,239.056671,50194500
660,2021-08-16,235.023331,236.5,225.46666,228.723328,68032200
661,2021-08-17,224.220001,224.860001,216.279999,221.903336,71163900
662,2021-08-18,223.25,231.92334,223.116669,229.66333,61048200
663,2021-08-19,226.070007,228.850006,222.529999,224.490005,42940500
664,2021-08-20,227.616669,230.710007,224.566666,226.753326,44525700
665,2021-08-23,228.479996,237.376663,226.916672,235.433334,60794700
666,2021-08-24,236.893326,238.406662,234.213333,236.16333,39249300
667,2021-08-25,235.676666,238.990005,234.666672,237.066666,37936800
668,2021-08-26,236.103333,238.46666,232.539993,233.720001,39642900
669,2021-08-27,235.0,238.333328,234.03334,237.306671,41501400
670,2021-08-30,238.240005,243.666672,237.57666,243.636673,55812600
671,2021-08-31,244.333328,246.796661,242.146667,245.240005,62566200
672,2021-09-01,244.693329,247.330002,243.756668,244.696671,39612900
673,2021-09-02,244.833328,246.990005,243.513336,244.130005,38331900
674,2021-09-03,244.083328,244.666672,241.399994,244.523331,45738300
675,2021-09-07,246.666672,253.399994,246.419998,250.973328,60119400
676,2021-09-08,253.860001,254.816666,246.92334,251.289993,56379000
677,2021-09-09,251.136673,254.03334,250.543335,251.619995,42233100
678,2021-09-10,253.199997,254.203339,244.839996,245.42334,45552600
679,2021-09-13,246.736664,248.259995,236.28334,247.666672,68857500
680,2021-09-14,247.523331,251.490005,245.46666,248.16333,55574700
681,2021-09-15,248.333328,252.286667,246.119995,251.943329,46073100
682,2021-09-16,250.943329,252.970001,249.203339,252.330002,41770200
683,2021-09-17,252.383331,253.679993,250.0,253.16333,84612600
684,2021-09-20,244.853333,247.333328,239.539993,243.389999,74273100
685,2021-09-21,244.929993,248.246674,243.479996,246.460007,48992100
686,2021-09-22,247.843338,251.223328,246.373337,250.646667,45378900
687,2021-09-23,251.666672,252.733337,249.306671,251.213333,35842500
688,2021-09-24,248.630005,258.266663,248.186661,258.130005,64119000
689,2021-09-27,257.706665,266.333344,256.436676,263.786682,84212100
690,2021-09-28,262.399994,265.213318,255.393326,259.186676,76144200
691,2021-09-29,259.933319,264.5,256.893341,260.436676,62828700
692,2021-09-30,260.333344,263.043335,258.333344,258.493347,53868000
693,2021-10-01,259.466675,260.26001,254.529999,258.406677,51094200
694,2021-10-04,265.5,268.98999,258.706665,260.51001,91449900
695,2021-10-05,261.600006,265.769989,258.066681,260.196655,55297800
696,2021-10-06,258.733337,262.220001,257.73999,260.916656,43898400
697,2021-10-07,261.820007,268.333344,261.126678,264.536682,57587400
698,2021-10-08,265.40332,265.459991,260.303345,261.829987,50215800
699,2021-10-11,262.549988,267.079987,261.833344,263.980011,42600900
700,2021-10-12,266.976654,270.773346,265.523346,268.573334,66060000
701,2021-10-13,270.156677,271.803345,268.593323,270.359985,42360300
702,2021-10-14,271.829987,273.416656,271.116669,272.773346,36741600
703,2021-10-15,274.579987,281.070007,274.116669,281.01001,56773800
704,2021-10-18,283.929993,291.753326,283.823334,290.036682,72621600
705,2021-10-19,292.51001,292.649994,287.503326,288.089996,52143300
706,2021-10-20,288.450012,289.829987,285.793335,288.600006,42096300
707,2021-10-21,285.333344,300.0,285.166656,298.0,94444500
708,2021-10-22,298.5,303.333344,296.986664,303.226654,68642400
709,2021-10-25,316.843323,348.339996,314.733337,341.619995,188556300
710,2021-10-26,341.563324,364.980011,333.813324,339.476654,187245000
711,2021-10-27,346.553345,356.959991,343.593323,345.953339,115579500
712,2021-10-28,356.103333,360.333344,351.399994,359.013336,81639600
713,2021-10-29,360.619995,371.736664,357.736664,371.333344,89755200
714,2021-11-01,381.666656,403.25,372.886658,402.863342,168146100
715,2021-11-02,386.453339,402.863342,382.0,390.666656,128213400
716,2021-11-03,392.443329,405.130005,384.206665,404.619995,103885500
717,2021-11-04,411.470001,414.496674,405.666656,409.970001,76192200
718,2021-11-05,409.333344,413.290009,402.666656,407.363342,64886400
719,2021-11-08,383.263336,399.0,377.666656,387.646667,100337100
720,2021-11-09,391.200012,391.5,337.17334,341.166656,177317400
721,2021-11-10,336.803345,359.366669,329.103333,355.983337,128408100
722,2021-11-11,367.589996,368.323334,351.559998,354.503326,67189800
723,2021-11-12,349.166656,351.5,339.733337,344.473328,76719300
724,2021-11-15,339.209991,343.993347,326.200012,337.796661,104326800
725,2021-11-16,334.436676,352.399994,334.059998,351.57666,79627200
726,2021-11-17,354.503326,373.213318,351.833344,363.003326,94336200
727,2021-11-18,368.850006,370.666656,358.339996,365.459991,62696700
728,2021-11-19,366.290009,379.573334,364.233337,379.019989,64926900
729,2021-11-22,387.443329,400.649994,377.476654,385.623322,99217500
730,2021-11-23,389.170013,393.5,354.233337,369.676666,108515100
731,2021-11-24,360.130005,377.589996,354.0,372.0,67680600
732,2021-11-26,366.48999,369.593323,360.333344,360.640015,35042700
733,2021-11-29,366.996674,380.890015,366.730011,378.996674,58393500
734,2021-11-30,381.456665,389.333344,372.666656,381.58667,81276000
735,2021-12-01,386.899994,390.946655,363.58667,365.0,68450400
736,2021-12-02,366.353333,371.0,352.216675,361.533325,73114800
737,2021-12-03,361.59668,363.526672,333.40332,338.323334,92322000
738,2021-12-06,333.83667,340.546661,316.833344,336.33667,81663000
739,2021-12-07,348.066681,352.556671,342.269989,350.583344,56084700
740,2021-12-08,350.90332,357.459991,344.333344,356.320007,41906400
741,2021-12-09,353.546661,354.16333,334.119995,334.600006,59438400
742,2021-12-10,336.25,340.32666,327.51001,339.01001,59664300
743,2021-12-13,333.696655,335.0,317.140015,322.136658,78595500
744,2021-12-14,315.0,322.136658,310.0,319.503326,70806300
745,2021-12-15,317.736664,326.25,309.416656,325.329987,75169200
746,2021-12-16,331.5,331.660004,307.283325,308.973328,82771500
747,2021-12-17,304.92334,320.220001,303.013336,310.856659,100437300
748,2021-12-20,303.566681,307.230011,297.796661,299.980011,56480100
749,2021-12-21,305.623322,313.166656,295.373322,312.843323,71517900
750,2021-12-22,321.886658,338.553345,319.016663,336.290009,93634200
751,2021-12-23,335.600006,357.660004,332.519989,355.666656,92713200
752,2021-12-27,357.890015,372.333344,356.906677,364.646667,71145900
753,2021-12-28,369.829987,373.0,359.473328,362.823334,60324000
754,2021-12-29,366.213318,368.0,354.713318,362.063324,56154000
755,2021-12-30,353.776672,365.183319,351.049988,356.779999,47040900
756,2021-12-31,357.813324,360.666656,351.529999,352.26001,40733700
